{
  "module_names": [
    {
      "branches": 52,
      "branches_missing": 7,
      "branches_partial": 3,
      "coverage": 91.04477611940298,
      "lines": [
        1,
        4,
        5,
        8,
        9,
        10,
        11,
        14,
        15,
        16,
        19,
        20,
        21,
        25,
        26,
        27,
        28,
        29,
        30,
        31,
        34,
        37,
        38,
        40,
        41,
        43,
        44,
        45,
        46,
        49,
        51,
        54,
        55,
        56,
        58,
        60,
        61,
        62,
        65,
        66,
        67,
        68,
        69,
        70,
        74,
        75,
        78,
        79,
        80,
        82,
        84,
        86,
        87,
        90,
        91,
        92,
        93,
        94,
        95,
        96,
        99,
        101,
        103,
        104,
        105,
        106,
        107
      ],
      "lines_not_covered": [
        61,
        62,
        104,
        105,
        106,
        107
      ],
      "module": "matrix",
      "sum_lines": 67,
      "sum_lines_not_covered": 6
    },
    {
      "branches": 8,
      "branches_missing": 1,
      "branches_partial": 1,
      "coverage": 65.0,
      "lines": [
        1,
        2,
        5,
        7,
        9,
        11,
        13,
        15,
        16,
        17,
        18,
        19,
        20,
        22,
        24,
        25,
        26,
        27,
        29,
        30
      ],
      "lines_not_covered": [
        20,
        22,
        24,
        25,
        26,
        27,
        30
      ],
      "module": "main",
      "sum_lines": 20,
      "sum_lines_not_covered": 7
    }
  ],
  "overall_branch_coverage": 86.66666666666667,
  "overall_branch_partial_coverage": 93.33333333333333,
  "overall_coverage": 85.05747126436782
}