{
  "module_names": [
    {
      "branches": 72,
      "branches_missing": 7,
      "branches_partial": 3,
      "coverage": 93.4065934065934,
      "lines": [
        1,
        4,
        5,
        8,
        9,
        10,
        11,
        14,
        15,
        16,
        19,
        20,
        21,
        25,
        26,
        27,
        28,
        29,
        30,
        31,
        34,
        37,
        39,
        40,
        41,
        43,
        44,
        45,
        46,
        49,
        51,
        54,
        55,
        56,
        58,
        60,
        61,
        62,
        65,
        66,
        67,
        68,
        69,
        70,
        74,
        75,
        78,
        79,
        80,
        82,
        84,
        86,
        87,
        90,
        91,
        92,
        93,
        94,
        95,
        96,
        99,
        101,
        103,
        104,
        105,
        106,
        107,
        109,
        111,
        112,
        113,
        115,
        116,
        117,
        119,
        120,
        121,
        122,
        123,
        125,
        127,
        129,
        130,
        132,
        133,
        136,
        137,
        138,
        139,
        140,
        141
      ],
      "lines_not_covered": [
        61,
        62,
        104,
        105,
        106,
        107
      ],
      "module": "matrix",
      "sum_lines": 91,
      "sum_lines_not_covered": 6
    },
    {
      "branches": 8,
      "branches_missing": 1,
      "branches_partial": 1,
      "coverage": 68.42105263157895,
      "lines": [
        1,
        2,
        5,
        7,
        9,
        11,
        13,
        15,
        16,
        17,
        18,
        21,
        23,
        25,
        26,
        27,
        28,
        30,
        31
      ],
      "lines_not_covered": [
        23,
        25,
        26,
        27,
        28,
        31
      ],
      "module": "main",
      "sum_lines": 19,
      "sum_lines_not_covered": 6
    }
  ],
  "overall_branch_coverage": 90.0,
  "overall_branch_partial_coverage": 95.0,
  "overall_coverage": 89.0909090909091
}