{
  "module_names": [
    {
      "branches": 50,
      "branches_missing": 44,
      "branches_partial": 0,
      "coverage": 36.76470588235294,
      "lines": [
        1,
        2,
        3,
        4,
        5,
        6,
        7,
        8,
        9,
        10,
        11,
        12,
        13,
        14,
        15,
        16,
        17,
        18,
        19,
        20,
        21,
        22,
        23,
        24,
        25,
        26,
        27,
        28,
        29,
        30,
        31,
        32,
        33,
        34,
        35,
        36,
        37,
        38,
        39,
        40,
        41,
        42,
        43,
        44,
        45,
        46,
        47,
        48,
        49,
        50,
        51,
        52,
        53,
        54,
        56,
        57,
        58,
        59,
        60,
        61,
        62,
        63,
        64,
        65,
        66,
        67,
        68,
        69
      ],
      "lines_not_covered": [
        12,
        13,
        22,
        23,
        24,
        25,
        26,
        27,
        28,
        29,
        30,
        31,
        33,
        34,
        35,
        37,
        38,
        40,
        41,
        42,
        43,
        44,
        45,
        46,
        48,
        49,
        50,
        51,
        52,
        53,
        54,
        57,
        58,
        59,
        60,
        61,
        62,
        64,
        65,
        66,
        67,
        68,
        69
      ],
      "module": "matrix",
      "sum_lines": 68,
      "sum_lines_not_covered": 43
    },
    {
      "branches": 2,
      "branches_missing": 1,
      "branches_partial": 1,
      "coverage": 83.33333333333333,
      "lines": [
        1,
        2,
        3,
        4,
        6,
        7
      ],
      "lines_not_covered": [
        7
      ],
      "module": "main",
      "sum_lines": 6,
      "sum_lines_not_covered": 1
    }
  ],
  "overall_branch_coverage": 13.461538461538462,
  "overall_branch_partial_coverage": 98.07692307692308,
  "overall_coverage": 40.54054054054054
}