{
  "module_names": [
    {
      "branches": 52,
      "branches_missing": 7,
      "branches_partial": 3,
      "coverage": 91.04477611940298,
      "lines": [
        1,
        2,
        3,
        5,
        6,
        7,
        8,
        10,
        11,
        12,
        14,
        15,
        16,
        17,
        18,
        19,
        20,
        21,
        22,
        23,
        25,
        28,
        29,
        31,
        32,
        34,
        35,
        36,
        37,
        38,
        40,
        42,
        43,
        44,
        46,
        47,
        48,
        49,
        51,
        52,
        53,
        54,
        55,
        56,
        60,
        61,
        63,
        64,
        65,
        67,
        69,
        71,
        72,
        74,
        75,
        76,
        77,
        78,
        79,
        80,
        82,
        84,
        86,
        87,
        88,
        89,
        90
      ],
      "lines_not_covered": [
        48,
        49,
        87,
        88,
        89,
        90
      ],
      "module": "matrix",
      "sum_lines": 67,
      "sum_lines_not_covered": 6
    },
    {
      "branches": 8,
      "branches_missing": 1,
      "branches_partial": 1,
      "coverage": 68.42105263157895,
      "lines": [
        1,
        2,
        5,
        7,
        9,
        11,
        13,
        15,
        16,
        17,
        18,
        19,
        21,
        23,
        24,
        25,
        26,
        28,
        29
      ],
      "lines_not_covered": [
        21,
        23,
        24,
        25,
        26,
        29
      ],
      "module": "main",
      "sum_lines": 19,
      "sum_lines_not_covered": 6
    }
  ],
  "overall_branch_coverage": 86.66666666666667,
  "overall_branch_partial_coverage": 93.33333333333333,
  "overall_coverage": 86.04651162790698
}